site,layer,kind,home_stream,beta_mean,beta_max,beta_norm_per_token,frac_beta_gt_1p9,frac_beta_lt_0p1,write_to_resid_mean,write_to_resid_max,g_norm_mean,g_norm_max,cos_g_pertoken_offdiag_mean,cos_g_global_offdiag_mean,dLdf_norm,coherence,align_ratio,amp_vs_mean_g,identity_rel_err,dLdbeta_norm,dLdz_norm,sat_shrink,dbeta_dz_mean,z_mean,z_max,z_dynamic_mean,h_post_scale,W_post_fro,dL_dh_post_scale,dL_dW_post_fro,static_beta_mean,static_beta_max,static_beta_drift_mean,dL_dstatic_beta_absmean
L00.attn,0,attn,0,0.0872432,1.3125,0.347131,0,0.787048,109.037,431.564,0.708863,1.82463,0.284642,0.17356,0.17138,0.999497,0.985993,0.245181,0.00266135,230.85,0.301892,0.0012711,0.0640909,-9.92235,0.647062,-8.67867,0.207147,5.77677,-4.02905,4.67635,-1.24368,0.621794,-0.743682,0.0257981
L00.mlp,0,mlp,3,0.118514,0.480749,0.405379,0,0.749756,3.64457,13.0594,0.224552,0.759757,0.412158,0.274609,0.0188063,1.04913,0.876596,0.0881182,0.00252353,38.9502,0.168138,0.00820015,0.0979591,-5.75122,-1.15448,-5.13519,0.0888242,4.5967,-1.9104,1.25155,-0.616033,0.97443,-0.116033,0.0508277
L01.attn,1,attn,0,0.153089,0.745157,0.612358,0,0.75,0.101787,0.407146,0.0301306,0.0603427,0.527137,0.487746,0.00457163,0.999728,0.999727,0.152159,0.00251651,0.503389,0.00958472,0.0192961,0.105576,-12.2914,-0.521172,-11.1891,0.0818386,11.9973,-0.109497,0.0588916,-1.10224,0.730781,-0.602242,0.0014865
L01.mlp,1,mlp,2,0.270844,1.26376,0.725752,0,0.403259,0.929239,2.67277,0.0202785,0.0399758,0.723745,0.672327,0.0110538,1.39153,0.88769,0.546683,0.00234476,0.0753171,0.00558915,0.0740495,0.197016,-3.26456,0.540743,-2.67188,0.0883873,5.09622,0.0496826,0.0260974,-0.592678,0.930798,-0.0926782,0.000710511
L02.attn,2,attn,1,0.124952,0.835637,0.422384,0,0.734253,0.503726,1.80313,0.0196061,0.0417849,0.737173,0.672089,0.00524979,1.24813,0.89532,0.266925,0.00256459,0.0930653,0.00796535,0.0852306,0.102104,-7.62875,-0.332685,-6.99032,0.0888517,6.97728,-0.09375,0.052749,-0.638425,0.950518,-0.138425,0.000961125
L02.mlp,2,mlp,1,0.141184,1.26807,0.392329,0,0.489807,0.293194,1.00997,0.0188584,0.0402574,0.717194,0.659942,0.0107906,1.16898,0.901161,0.574354,0.00255666,0.0348243,0.00614594,0.177712,0.121504,-5.74651,0.551933,-5.13884,0.104251,5.77376,0.0472717,0.0490324,-0.60767,0.969902,-0.10767,0.00128594
L03.attn,3,attn,2,0.153936,0.532319,0.413511,0,0.324768,0.187238,0.579048,0.0182921,0.0401527,0.575058,0.5217,0.00602606,1.24252,0.869682,0.328325,0.0023636,0.0620333,0.00653126,0.104787,0.132268,-4.3637,-1.01446,-3.79013,0.0875921,5.5174,0.0259457,0.0190307,-0.573574,0.93057,-0.0735744,0.000295147
L03.mlp,3,mlp,0,0.166031,1.03884,0.541095,0,0.669739,0.224476,0.448491,0.0204495,0.0494808,0.569479,0.510263,0.0111718,1.1512,0.898316,0.549046,0.00261867,0.0734039,0.00822705,0.112206,0.12802,-5.38513,0.078012,-4.80472,0.103834,5.22048,0.0626526,0.0324902,-0.580402,0.930551,-0.0804015,0.000582712
L04.attn,4,attn,1,0.0633765,0.279381,0.156027,0,0.761017,0.300382,1.13049,0.0206313,0.0501466,0.532247,0.464292,0.0062338,1.05872,0.927799,0.302972,0.00254613,0.0949438,0.00980003,0.103949,0.0602645,-3.88128,-1.82264,-3.3468,0.0824735,4.62585,-0.00904083,0.0409927,-0.534481,0.936405,-0.0344809,9.09199e-05
L04.mlp,4,mlp,3,0.139196,0.774182,0.394723,0,0.554901,0.464673,1.79867,0.0188192,0.0423468,0.552021,0.475045,0.0152242,1.05819,0.931108,0.815667,0.00279454,0.0254879,0.00587374,0.231963,0.119013,-5.81675,-0.460616,-5.19713,0.104338,5.9841,0.0975418,0.0352733,-0.619623,0.935869,-0.119623,0.00103872
L05.attn,5,attn,1,0.284573,0.894732,0.802621,0,0.5,0.494905,1.53312,0.0201262,0.0460697,0.597716,0.520809,0.00748616,1.22303,0.918662,0.371446,0.00260151,0.170815,0.0155331,0.0906009,0.203527,-3.5825,-0.211978,-3.02378,0.0812939,4.7627,-0.0068512,0.0481584,-0.558716,0.9577,-0.0587156,0.000686472
L05.mlp,5,mlp,1,0.321326,1.53524,1.04887,0,0.5,0.21301,0.694962,0.0191231,0.0415801,0.625702,0.552728,0.0138371,1.12835,0.878468,0.727268,0.00274928,0.0290704,0.00598756,0.206451,0.180553,-6.11285,1.19569,-5.39707,0.121127,5.3024,-0.0223389,0.0480366,-0.715778,0.910533,-0.215778,0.00106256
L06.attn,6,attn,1,0.110329,0.567208,0.330615,0,0.56723,0.21194,0.761585,0.0166317,0.033529,0.585237,0.513409,0.0089409,1.07584,0.927308,0.53526,0.00265708,0.0368775,0.0067751,0.183237,0.0959126,-8.16737,-0.934641,-7.49659,0.0964687,7.02582,0.0794983,0.030545,-0.670772,0.977596,-0.170772,0.000750037
L06.mlp,6,mlp,1,0.262846,1.43323,0.723936,0,0.388611,0.275409,0.741179,0.0177328,0.0357985,0.627141,0.555611,0.0156102,1.27976,0.921066,0.889245,0.00245115,0.0282354,0.0061006,0.219303,0.193281,-5.09806,0.928624,-4.46299,0.144213,4.90038,-0.0353394,0.086141,-0.635064,0.980961,-0.135064,0.0013912
L07.attn,7,attn,2,0.146541,0.61953,0.369511,0,0.431854,0.379941,0.972045,0.0206925,0.0469194,0.592225,0.495934,0.0112334,1.23382,0.81586,0.542648,0.00249313,0.0496279,0.00788393,0.158226,0.128813,-3.03917,-0.801504,-2.54609,0.159746,5.92092,0.0314331,0.0703559,-0.493077,0.961376,0.00692347,0.00101993
L07.mlp,7,mlp,1,0.209393,1.18644,0.572445,0,0.449951,0.246484,0.888721,0.0221183,0.0478936,0.611165,0.506373,0.0157446,1.10177,0.858694,0.72429,0.00267747,0.0296932,0.00623735,0.214692,0.165104,-4.39193,0.382998,-3.86734,0.192036,5.19641,-0.0286713,0.0742424,-0.524594,0.994327,-0.0245945,0.000546312
L08.attn,8,attn,1,0.286871,1.2992,0.794555,0,0.271271,0.245518,0.698906,0.0193054,0.0390547,0.546998,0.429262,0.0113583,1.16105,0.827981,0.594455,0.00259056,0.0372036,0.00631181,0.172564,0.205801,-5.20733,0.618172,-4.6323,0.15637,5.67234,-0.0509644,0.0860269,-0.575034,0.971925,-0.0750336,0.0014986
L08.mlp,8,mlp,1,0.254673,1.59051,0.668329,0,0.340942,0.239842,0.845973,0.0164993,0.0276579,0.59943,0.475751,0.0159009,1.11812,0.875573,0.985502,0.00268956,0.0222797,0.00527596,0.246801,0.196908,-4.37271,1.37322,-3.83446,0.152915,5.3028,-0.00262833,0.0411547,-0.538243,0.978905,-0.0382434,0.000391359
L09.attn,9,attn,3,0.348407,1.91603,1.07125,0.00247192,0.503235,0.326594,1.16728,0.0142202,0.0275025,0.639991,0.531488,0.00762861,1.24306,0.889696,0.533731,0.00248041,0.0189654,0.00175002,0.0921185,0.178904,-2.62889,3.31235,-2.11687,0.294889,5.85938,-0.00579262,0.0301678,-0.512017,0.997895,-0.0120166,0.000303217
L09.mlp,9,mlp,3,0.479031,1.73129,1.29073,0,0.338013,0.288988,0.978143,0.0117164,0.0199972,0.724266,0.614433,0.0172272,1.22264,0.897053,1.47675,0.00248977,0.0169942,0.00484405,0.287493,0.263925,-3.86731,1.87456,-3.31283,0.18888,5.2218,0.0126314,0.0521226,-0.554482,0.993309,-0.0544819,0.000549793
L10.attn,10,attn,3,0.720165,1.98554,1.93004,0.0718079,0.139465,0.30797,0.629368,0.0101626,0.0194964,0.655841,0.544567,0.0135284,1.37605,0.839549,1.34088,0.00235078,0.0206469,0.0039416,0.192521,0.247331,-0.792431,4.95237,-0.296939,0.264645,3.94852,-0.0020752,0.0778861,-0.495492,0.991434,0.00450823,0.000933371
L10.mlp,10,mlp,1,0.516156,1.78154,1.18854,0,0.14093,0.27392,0.495251,0.00946133,0.0183508,0.674233,0.550854,0.0145094,1.34084,0.811614,1.53742,0.00238416,0.0140575,0.00404662,0.291199,0.324254,-1.39181,2.12905,-0.864197,0.196836,4.23172,0.0221891,0.0640196,-0.527615,0.953551,-0.0276151,0.000410007
L11.attn,11,attn,2,0.473378,1.99638,1.69448,0.065155,0.624908,0.413726,1.35756,0.00912659,0.0162627,0.571819,0.460571,0.00795132,1.13136,0.896859,0.87288,0.00250603,0.0133373,0.00119086,0.089364,0.097123,-3.78595,6.38142,-3.25618,0.318198,5.21502,-0.00418854,0.0270714,-0.529769,0.952414,-0.0297685,0.000160253
L11.mlp,11,mlp,1,0.709522,1.94319,1.83365,0.00119019,0.218536,0.209646,0.510384,0.00847426,0.0163051,0.593471,0.47734,0.0134089,1.26313,0.858643,1.587,0.00247165,0.0112795,0.00337689,0.301062,0.282828,-1.104,3.54342,-0.588098,0.210202,4.11093,-0.000244141,0.0484867,-0.515907,0.971457,-0.0159066,0.00018234
L12.attn,12,attn,1,0.638112,1.91575,1.55499,0.000335693,0.253632,0.254645,0.456524,0.00818839,0.0163428,0.583874,0.47149,0.00937691,1.32803,0.814433,1.15268,0.00242913,0.0206798,0.00408914,0.199931,0.304829,-1.48713,3.16228,-0.972134,0.20604,4.19248,-0.000484467,0.0619352,-0.514991,0.978686,-0.0149915,0.00021156
L12.mlp,12,mlp,2,0.960216,1.99598,2.21289,0.1297,0.00967407,0.220705,0.350519,0.00774023,0.0161868,0.585717,0.457986,0.0155492,1.43888,0.798586,2.01424,0.00236219,0.00897344,0.00273632,0.308258,0.332767,0.145068,6.22921,0.687123,0.218839,4.12376,0.00120544,0.054935,-0.542055,0.968139,-0.042055,0.000331743
L13.attn,13,attn,0,0.403451,1.99543,1.40552,0.0371094,0.618622,0.167469,0.405989,0.00747199,0.0150763,0.57653,0.454133,0.00634152,1.11477,0.870119,0.852605,0.00253666,0.00784431,0.000883136,0.11051,0.120407,-3.24513,6.12042,-2.68926,0.289542,5.34123,-0.00115585,0.0170444,-0.55587,0.935866,-0.0558702,0.000183242
L13.mlp,13,mlp,2,0.799472,1.93892,2.07344,0.00201416,0.257355,0.239644,0.623155,0.00676124,0.015044,0.618968,0.503224,0.014329,1.22454,0.877012,2.12665,0.00243048,0.00691507,0.00127282,0.184235,0.251117,-1.06251,3.48624,-0.561737,0.214363,4.14103,-0.00330353,0.0189838,-0.500776,1.04874,-0.000775859,0.000241473
L14.attn,14,attn,0,0.295844,1.04205,0.705884,0,0.237061,0.139553,0.260255,0.00676922,0.0150901,0.613253,0.503208,0.00388718,1.39614,0.838712,0.579984,0.00234307,0.0327591,0.00339236,0.105677,0.228013,-2.18163,0.0842896,-1.64369,0.116412,4.51693,-0.0406494,0.0297014,-0.537939,0.940652,-0.0379392,0.000470318
L14.mlp,14,mlp,0,0.926971,1.97802,2.27747,0.0328064,0.170654,0.232762,0.543,0.00630706,0.0149836,0.663162,0.549452,0.0134537,1.37459,0.894915,2.13925,0.00228565,0.00744455,0.00120105,0.162522,0.265221,-0.45812,4.60107,0.0367181,0.20488,4.00088,-0.0027771,0.0201743,-0.494838,1.06592,0.00516237,0.000237844
L15.attn,15,attn,2,0.403993,1.55066,1.00473,0,0.160889,0.111624,0.202233,0.00626336,0.0148764,0.674109,0.559544,0.00490751,1.41328,0.804091,0.789928,0.00232212,0.0190503,0.00244161,0.129262,0.266822,-1.73854,1.24119,-1.20748,0.136446,4.31953,0.000579834,0.0264572,-0.531058,0.966773,-0.0310577,0.000250717
L15.mlp,15,mlp,2,0.865426,1.99517,2.22921,0.134918,0.207642,0.215905,0.537673,0.00604488,0.014799,0.698272,0.58009,0.0123963,1.39637,0.923883,2.05303,0.00224975,0.00680406,0.00108521,0.160846,0.230687,-0.446705,6.0339,0.0784503,0.212844,3.99312,-0.000408173,0.017249,-0.525156,1.07297,-0.0251557,0.000146599
L16.attn,16,attn,2,0.118922,0.801339,0.340305,0,0.596985,0.0829641,0.223387,0.00608031,0.0149055,0.70111,0.583805,0.00163355,1.33237,0.899716,0.270466,0.00240408,0.0664278,0.00302874,0.0478166,0.102526,-3.48993,-0.403256,-2.91225,0.11037,5.1802,0.0382566,0.0218491,-0.577678,0.948306,-0.0776784,0.000588797
L16.mlp,16,mlp,2,0.790709,1.98017,1.86047,0.00747681,0.12793,0.171207,0.409864,0.00530124,0.0119076,0.721587,0.618699,0.0149865,1.34753,0.837699,2.82621,0.002423,0.00464192,0.00195586,0.420634,0.329429,-0.710647,4.62212,-0.196648,0.251553,4.37753,-0.00119019,0.0347022,-0.514,1.00246,-0.0139998,0.000346929
L17.attn,17,attn,1,0.34247,1.73816,0.926103,0,0.369659,0.118301,0.264329,0.00521938,0.0115907,0.739733,0.626519,0.00552058,1.34113,0.886448,1.06388,0.00245485,0.0098315,0.00185354,0.188828,0.217137,-2.52677,1.89881,-1.9764,0.14447,5.52187,-0.0217896,0.0179212,-0.550363,0.962093,-0.050363,0.000319791
L17.mlp,17,mlp,2,1.11294,1.99648,2.60598,0.139648,0.120209,0.180917,0.347051,0.00508426,0.0115904,0.761142,0.643174,0.0130201,1.56596,0.923595,2.56094,0.00215732,0.00519021,0.00097124,0.187316,0.246262,0.30878,6.45062,0.850983,0.191515,4.37665,-0.00102997,0.0120362,-0.542202,1.05219,-0.0422025,6.83888e-05
L18.attn,18,attn,1,0.246941,1.51089,0.649051,0,0.456604,0.0788889,0.154312,0.00509207,0.0116232,0.768129,0.651272,0.00283948,1.35238,0.874487,0.564538,0.00239549,0.0130864,0.00149619,0.117246,0.181837,-2.60946,1.13749,-2.03169,0.124307,5.33781,-0.0323029,0.0149316,-0.577768,0.949609,-0.0777681,0.000564257
L18.mlp,18,mlp,2,0.894673,1.99597,2.19273,0.0717163,0.213837,0.172682,0.441704,0.00459624,0.00973445,0.787617,0.682931,0.0146692,1.42491,0.85777,3.20173,0.00232755,0.00341976,0.00131336,0.383819,0.263671,-0.553112,6.22598,-0.02426,0.266845,4.64586,0.00129521,0.0258983,-0.528852,0.986494,-0.0288519,0.000266606
L19.attn,19,attn,0,0.26241,1.39338,1.03228,0,0.749603,0.149164,0.538852,0.00463418,0.0098475,0.800022,0.688868,0.00128168,1.06906,0.958862,0.277258,0.00283058,0.0488723,0.00281055,0.0602397,0.127091,-5.67737,0.831609,-5.00765,0.0992964,7.30137,-0.012619,0.0187562,-0.669722,0.97907,-0.169722,0.000178944
L19.mlp,19,mlp,0,1.16293,1.99968,2.71012,0.231323,0.0672607,0.234276,0.405456,0.00467811,0.00990267,0.812246,0.687679,0.0126905,1.58605,0.912897,2.73563,0.00216514,0.00620356,0.00132192,0.216671,0.22274,1.01295,8.78541,1.55488,0.173632,4.38567,0.00270367,0.0166873,-0.541928,1.0104,-0.0419285,0.000154791
L20.attn,20,attn,3,0.0315499,0.384383,0.0816819,0,0.969696,0.0370034,0.078846,0.00470896,0.00999897,0.814421,0.690008,0.000351807,1.40558,0.882244,0.0745848,0.00241607,0.0714513,0.00115575,0.0162481,0.0304626,-5.36972,-1.50862,-4.74329,0.124633,5.05168,-0.00498962,0.0101742,-0.626426,0.906275,-0.126426,9.33661e-05
L20.mlp,20,mlp,1,1.1992,1.9998,2.69938,0.210907,0.041748,0.221108,0.435294,0.00472097,0.0100455,0.829195,0.691855,0.0138397,1.70172,0.913769,2.95208,0.00213106,0.0042475,0.00112356,0.271408,0.26347,1.09941,9.24604,1.66845,0.1705,4.92293,0.000425339,0.0144399,-0.569045,1.00813,-0.0690448,0.000131459
L21.attn,21,attn,2,0.0532875,0.584654,0.197005,0,0.752502,0.0759494,0.218922,0.00477836,0.0102686,0.820901,0.694165,0.000261966,1.29636,0.932888,0.0551208,0.00246702,0.139678,0.00218707,0.015845,0.0481118,-6.14759,-0.884626,-5.47326,0.115892,6.50713,0.0454407,0.021665,-0.674328,0.945452,-0.174328,0.000413037
L21.mlp,21,mlp,1,0.93849,1.99858,2.27913,0.116211,0.185852,0.212898,0.545835,0.00437596,0.00870791,0.856806,0.733201,0.0145396,1.51953,0.878491,3.31539,0.00228736,0.00360444,0.00135972,0.376611,0.25627,-0.32128,7.31806,0.217017,0.20796,4.97174,0.000709534,0.0220624,-0.538297,0.99498,-0.0382974,9.3129e-05
L22.attn,22,attn,1,0.0404984,0.851874,0.134121,0,0.888855,0.0150173,0.0332796,0.00443351,0.0088836,0.856077,0.732692,0.000348838,1.20247,0.820507,0.078505,0.00253593,0.0191405,0.000544092,0.0289842,0.0367041,-5.68631,-0.302129,-5.07382,0.138446,5.03147,0.0107574,0.00636784,-0.612487,0.910634,-0.112487,0.00015429
L22.mlp,22,mlp,1,1.05974,1.99876,2.57419,0.206909,0.122864,0.201565,0.350202,0.00454418,0.00905991,0.877931,0.744821,0.0120842,1.54683,0.923681,2.67271,0.00218918,0.00721821,0.00143193,0.201194,0.208404,0.403212,7.38543,1.01739,0.151416,4.91075,0.00141144,0.0182974,-0.614182,1.00134,-0.114182,7.04681e-05
L23.attn,23,attn,1,0.0617928,1.52545,0.161264,0.000152588,0.850677,0.0206987,0.0315599,0.00460644,0.00921378,0.880477,0.7446,0.00169969,1.56039,0.821117,0.369793,0.00222676,0.00808125,0.000403039,0.0500473,0.0517231,-4.53818,1.69525,-3.97055,0.193455,5.05363,-0.00107765,0.00543257,-0.567629,0.921355,-0.0676291,6.78819e-05
L23.mlp,23,mlp,1,0.517274,1.99995,1.27723,0.0787964,0.389954,0.0848914,0.145983,0.00401799,0.00679218,0.900469,0.837069,0.01338,1.57684,0.910683,3.33619,0.00222348,0.00273515,0.000829553,0.302748,0.171529,-2.10498,10.5644,-1.56972,0.252957,5.02462,-0.00387001,0.017999,-0.535259,0.963529,-0.0352586,0.00014781
L24.attn,24,attn,0,0.0178296,0.142843,0.051937,0,0.995697,0.0555647,0.182793,0.00410873,0.00823959,0.885739,0.825718,0.000320332,1.11296,0.960124,0.0784739,0.00265427,0.129784,0.00207265,0.0166369,0.0174191,-5.75518,-2.56591,-5.12969,0.1357,5.02799,-0.0530548,0.023908,-0.625486,0.926274,-0.125486,0.000429955
L24.mlp,24,mlp,2,0.979224,1.99997,2.42615,0.255829,0.113281,0.158902,0.258105,0.0044219,0.00878527,0.915354,0.857439,0.0130034,1.70498,0.930458,2.94343,0.00213882,0.00472267,0.00162022,0.345563,0.230194,0.819224,11.2608,1.34239,0.137954,5.63024,-0.0191727,0.0177398,-0.523166,0.974204,-0.0231661,0.000349922
L25.attn,25,attn,1,0.0749567,0.549874,0.299243,0,0.75,0.0621711,0.244953,0.00477473,0.00959146,0.910578,0.849496,0.000271358,1.01722,0.984947,0.0571549,0.00289431,0.0735038,0.00228253,0.0319713,0.0631439,-8.27252,-0.971397,-7.54989,0.121525,6.46812,-0.00987244,0.022778,-0.722626,0.934853,-0.222626,5.24833e-05
L25.mlp,25,mlp,3,0.709146,2,2.13158,0.256653,0.244171,0.23559,0.369734,0.00546952,0.0108176,0.923116,0.862473,0.00863091,1.73742,0.907836,1.57328,0.00207172,0.00932006,0.00176995,0.190276,0.13253,0.17194,15.7691,0.708742,0.14336,5.85103,0.00547028,0.0172394,-0.536801,1.12306,-0.0368014,0.000343669
L26.attn,26,attn,2,0.149154,1.43174,0.530517,0,0.711487,0.0394849,0.0880539,0.00703359,0.0137369,0.896989,0.849062,0.00107251,1.36164,0.864853,0.153628,0.00235507,0.0205373,0.00118928,0.0591331,0.103677,-4.46533,0.931075,-3.81913,0.148263,5.71153,0.00184631,0.0160236,-0.646197,0.863881,-0.146197,0.00022646
L26.mlp,26,mlp,0,0.635044,1.99985,1.96807,0.18512,0.184296,0.326589,0.37835,0.00933522,0.0144609,0.881488,0.856748,0.00737973,1.64291,0.932677,0.794817,0.0021876,0.0215106,0.00302636,0.14115,0.148099,-0.76271,9.48062,-0.185595,0.120192,4.78167,-0.010025,0.0341522,-0.577116,1.02767,-0.0771156,0.00064011
L27.attn,27,attn,0,0.0458155,0.404708,0.158816,0,0.78598,0.0574444,0.201042,0.0111169,0.0157511,0.861786,0.81665,0.00120955,1.0544,0.973573,0.110739,0.00271227,0.0740504,0.00312264,0.0428706,0.0422154,-6.25632,-1.37501,-5.48793,0.151929,6.03993,0.0986328,0.0429594,-0.768397,0.855437,-0.268397,0.00114944
L27.mlp,27,mlp,2,0.659936,2,2.04322,0.25,0.14682,0.309823,0.355126,0.0140103,0.0198413,0.999349,0.89276,0.00893891,1.986,0.993933,0.655659,0.00201243,0.0453453,0.00512146,0.116947,0.137929,0.53471,15.9424,1.08576,0.0997215,6.89644,-0.270447,0.0529684,-0.551047,0.90701,-0.0510473,0.00393963
